<annotation>
	<folder>VOC2007</folder>
	<filename>CR208048.jpg</filename>
	<source>
		<database>My Database</database>
		<annotation>VOC2007</annotation>
		<image>flickr</image>
		<flickrid>NULL</flickrid>
	</source>
	<owner>
		<flickrid>NULL</flickrid>
		<name>xiaoxianyu</name>
	</owner>
	<size>
		<width>2048</width>
		<height>2500</height>
		<depth>3</depth>
	</size>
	<segmented>0</segmented>
	<object>
		<name>nodule</name>
		<pose>Unspecified</pose>
		<truncated>0</truncated>
		<difficult>0</difficult>
		<bndbox>
			<xmin>1555</xmin>
			<ymin>744</ymin>
			<xmax>1723</xmax>
			<ymax>894</ymax>
		</bndbox>
	</object>
	<object>
		<name>nodule</name>
		<pose>Unspecified</pose>
		<truncated>0</truncated>
		<difficult>0</difficult>
		<bndbox>
			<xmin>796</xmin>
			<ymin>503</ymin>
			<xmax>877</xmax>
			<ymax>598</ymax>
		</bndbox>
	</object>
	<object>
		<name>nodule</name>
		<pose>Unspecified</pose>
		<truncated>0</truncated>
		<difficult>0</difficult>
		<bndbox>
			<xmin>1366</xmin>
			<ymin>500</ymin>
			<xmax>1475</xmax>
			<ymax>622</ymax>
		</bndbox>
	</object>
	<object>
		<name>nodule</name>
		<pose>Unspecified</pose>
		<truncated>0</truncated>
		<difficult>0</difficult>
		<bndbox>
			<xmin>849</xmin>
			<ymin>417</ymin>
			<xmax>935</xmax>
			<ymax>523</ymax>
		</bndbox>
	</object>
</annotation>
