<annotation>
	<folder>VOC2007</folder>
	<filename>DX133978.jpg</filename>
	<source>
		<database>My Database</database>
		<annotation>VOC2007</annotation>
		<image>flickr</image>
		<flickrid>NULL</flickrid>
	</source>
	<owner>
		<flickrid>NULL</flickrid>
		<name>xiaoxianyu</name>
	</owner>
	<size>
		<width>2724</width>
		<height>2796</height>
		<depth>3</depth>
	</size>
	<segmented>0</segmented>
	<object>
		<name>nodule</name>
		<pose>Unspecified</pose>
		<truncated>0</truncated>
		<difficult>0</difficult>
		<bndbox>
			<xmin>1503</xmin>
			<ymin>618</ymin>
			<xmax>1681</xmax>
			<ymax>768</ymax>
		</bndbox>
	</object>
	<object>
		<name>nodule</name>
		<pose>Unspecified</pose>
		<truncated>0</truncated>
		<difficult>0</difficult>
		<bndbox>
			<xmin>1035</xmin>
			<ymin>568</ymin>
			<xmax>1216</xmax>
			<ymax>725</ymax>
		</bndbox>
	</object>
</annotation>
