<annotation>
	<folder>VOC2007</folder>
	<filename>DX147375.jpg</filename>
	<source>
		<database>My Database</database>
		<annotation>VOC2007</annotation>
		<image>flickr</image>
		<flickrid>NULL</flickrid>
	</source>
	<owner>
		<flickrid>NULL</flickrid>
		<name>xiaoxianyu</name>
	</owner>
	<size>
		<width>3000</width>
		<height>3000</height>
		<depth>3</depth>
	</size>
	<segmented>0</segmented>
	<object>
		<name>nodule</name>
		<pose>Unspecified</pose>
		<truncated>0</truncated>
		<difficult>0</difficult>
		<bndbox>
			<xmin>639</xmin>
			<ymin>1338</ymin>
			<xmax>867</xmax>
			<ymax>1504</ymax>
		</bndbox>
	</object>
	<object>
		<name>nodule</name>
		<pose>Unspecified</pose>
		<truncated>0</truncated>
		<difficult>0</difficult>
		<bndbox>
			<xmin>1807</xmin>
			<ymin>828</ymin>
			<xmax>2010</xmax>
			<ymax>1013</ymax>
		</bndbox>
	</object>
	<object>
		<name>nodule</name>
		<pose>Unspecified</pose>
		<truncated>0</truncated>
		<difficult>0</difficult>
		<bndbox>
			<xmin>824</xmin>
			<ymin>710</ymin>
			<xmax>1028</xmax>
			<ymax>895</ymax>
		</bndbox>
	</object>
</annotation>
