<annotation>
	<folder>VOC2007</folder>
	<filename>DX165258.jpg</filename>
	<source>
		<database>My Database</database>
		<annotation>VOC2007</annotation>
		<image>flickr</image>
		<flickrid>NULL</flickrid>
	</source>
	<owner>
		<flickrid>NULL</flickrid>
		<name>xiaoxianyu</name>
	</owner>
	<size>
		<width>3000</width>
		<height>3000</height>
		<depth>3</depth>
	</size>
	<segmented>0</segmented>
	<object>
		<name>nodule</name>
		<pose>Unspecified</pose>
		<truncated>0</truncated>
		<difficult>0</difficult>
		<bndbox>
			<xmin>2274</xmin>
			<ymin>1926</ymin>
			<xmax>2483</xmax>
			<ymax>2118</ymax>
		</bndbox>
	</object>
	<object>
		<name>nodule</name>
		<pose>Unspecified</pose>
		<truncated>0</truncated>
		<difficult>0</difficult>
		<bndbox>
			<xmin>2240</xmin>
			<ymin>1754</ymin>
			<xmax>2408</xmax>
			<ymax>1896</ymax>
		</bndbox>
	</object>
	<object>
		<name>nodule</name>
		<pose>Unspecified</pose>
		<truncated>0</truncated>
		<difficult>0</difficult>
		<bndbox>
			<xmin>2114</xmin>
			<ymin>1053</ymin>
			<xmax>2269</xmax>
			<ymax>1212</ymax>
		</bndbox>
	</object>
</annotation>
